-- MySQL dump 10.13  Distrib 5.7.24, for Linux (x86_64)
--
-- Host: localhost    Database: terminal
-- ------------------------------------------------------
-- Server version	5.7.24-0ubuntu0.18.04.1

/*!40101 SET @OLD_CHARACTER_SET_CLIENT=@@CHARACTER_SET_CLIENT */;
/*!40101 SET @OLD_CHARACTER_SET_RESULTS=@@CHARACTER_SET_RESULTS */;
/*!40101 SET @OLD_COLLATION_CONNECTION=@@COLLATION_CONNECTION */;
/*!40101 SET NAMES utf8 */;
/*!40103 SET @OLD_TIME_ZONE=@@TIME_ZONE */;
/*!40103 SET TIME_ZONE='+00:00' */;
/*!40014 SET @OLD_UNIQUE_CHECKS=@@UNIQUE_CHECKS, UNIQUE_CHECKS=0 */;
/*!40014 SET @OLD_FOREIGN_KEY_CHECKS=@@FOREIGN_KEY_CHECKS, FOREIGN_KEY_CHECKS=0 */;
/*!40101 SET @OLD_SQL_MODE=@@SQL_MODE, SQL_MODE='NO_AUTO_VALUE_ON_ZERO' */;
/*!40111 SET @OLD_SQL_NOTES=@@SQL_NOTES, SQL_NOTES=0 */;

--
-- Table structure for table `categories`
--

DROP TABLE IF EXISTS `categories`;
/*!40101 SET @saved_cs_client     = @@character_set_client */;
/*!40101 SET character_set_client = utf8 */;
CREATE TABLE `categories` (
  `id` int(11) NOT NULL AUTO_INCREMENT,
  `categories` varchar(512) DEFAULT NULL,
  PRIMARY KEY (`id`)
) ENGINE=InnoDB AUTO_INCREMENT=7 DEFAULT CHARSET=utf8;
/*!40101 SET character_set_client = @saved_cs_client */;

--
-- Dumping data for table `categories`
--

LOCK TABLES `categories` WRITE;
/*!40000 ALTER TABLE `categories` DISABLE KEYS */;
INSERT INTO `categories` VALUES (1,'мобильные телефоны'),(2,'машины'),(3,'дома'),(4,'квартиры'),(5,'участки'),(6,'окна');
/*!40000 ALTER TABLE `categories` ENABLE KEYS */;
UNLOCK TABLES;

--
-- Table structure for table `chats`
--

DROP TABLE IF EXISTS `chats`;
/*!40101 SET @saved_cs_client     = @@character_set_client */;
/*!40101 SET character_set_client = utf8 */;
CREATE TABLE `chats` (
  `id` int(11) NOT NULL AUTO_INCREMENT,
  `users_id` text,
  `orders_id` int(11) DEFAULT NULL,
  `messages` text,
  PRIMARY KEY (`id`)
) ENGINE=InnoDB AUTO_INCREMENT=9 DEFAULT CHARSET=utf8;
/*!40101 SET character_set_client = @saved_cs_client */;

--
-- Dumping data for table `chats`
--

LOCK TABLES `chats` WRITE;
/*!40000 ALTER TABLE `chats` DISABLE KEYS */;
INSERT INTO `chats` VALUES (1,'2',112,'Ну'),(2,'2',112,'Ну'),(3,'2',112,'Ну'),(4,'2',112,'Ну'),(5,'2',112,'Ну'),(6,'2',112,'Ну'),(7,'2',112,'открою'),(8,'2',112,'открою');
/*!40000 ALTER TABLE `chats` ENABLE KEYS */;
UNLOCK TABLES;

--
-- Table structure for table `images`
--

DROP TABLE IF EXISTS `images`;
/*!40101 SET @saved_cs_client     = @@character_set_client */;
/*!40101 SET character_set_client = utf8 */;
CREATE TABLE `images` (
  `id` int(11) NOT NULL AUTO_INCREMENT,
  `orders_id` int(11) DEFAULT NULL,
  `images` varchar(512) DEFAULT NULL,
  PRIMARY KEY (`id`)
) ENGINE=InnoDB AUTO_INCREMENT=239 DEFAULT CHARSET=utf8;
/*!40101 SET character_set_client = @saved_cs_client */;

--
-- Dumping data for table `images`
--

LOCK TABLES `images` WRITE;
/*!40000 ALTER TABLE `images` DISABLE KEYS */;
INSERT INTO `images` VALUES (1,9,'IMG_20181113_1542061986_473.jpg'),(2,9,'IMG_20181113_1542061986_473.jpg'),(3,9,'IMG_20181113_1542061987_626.jpg'),(4,9,'IMG_20181113_1542061987_626.jpg'),(5,9,'IMG_20181113_1542061988_175.jpg'),(6,9,'IMG_20181113_1542061988_175.jpg'),(7,9,'IMG_20181113_1542061988_339.jpg'),(8,9,'IMG_20181113_1542061988_339.jpg'),(9,9,'IMG_20181113_1542061989_52.jpg'),(10,9,'IMG_20181113_1542061989_52.jpg'),(11,9,'IMG_20181113_1542061989_959.jpg'),(12,9,'IMG_20181113_1542061989_959.jpg'),(13,9,'IMG_20181113_1542061989_953.jpg'),(14,9,'IMG_20181113_1542061989_953.jpg'),(15,11,'IMG_20181113_1542062090_645.jpg'),(16,11,'IMG_20181113_1542062090_645.jpg'),(17,11,'IMG_20181113_1542062091_820.jpg'),(18,11,'IMG_20181113_1542062091_820.jpg'),(19,11,'IMG_20181113_1542062091_725.jpg'),(20,11,'IMG_20181113_1542062091_725.jpg'),(21,11,'IMG_20181113_1542062092_122.jpg'),(22,11,'IMG_20181113_1542062092_122.jpg'),(23,11,'IMG_20181113_1542062092_602.jpg'),(24,11,'IMG_20181113_1542062092_602.jpg'),(25,11,'IMG_20181113_1542062093_752.jpg'),(26,11,'IMG_20181113_1542062093_752.jpg'),(27,11,'IMG_20181113_1542062093_220.jpg'),(28,11,'IMG_20181113_1542062093_220.jpg'),(29,13,'IMG_20181113_1542062128_491.jpg'),(30,13,'IMG_20181113_1542062128_491.jpg'),(31,13,'IMG_20181113_1542062129_859.jpg'),(32,13,'IMG_20181113_1542062129_859.jpg'),(33,13,'IMG_20181113_1542062130_615.jpg'),(34,13,'IMG_20181113_1542062130_615.jpg'),(35,13,'IMG_20181113_1542062130_874.jpg'),(36,13,'IMG_20181113_1542062130_874.jpg'),(37,13,'IMG_20181113_1542062131_609.jpg'),(38,13,'IMG_20181113_1542062131_609.jpg'),(39,13,'IMG_20181113_1542062131_186.jpg'),(40,13,'IMG_20181113_1542062131_186.jpg'),(41,13,'IMG_20181113_1542062131_878.jpg'),(42,13,'IMG_20181113_1542062131_878.jpg'),(43,15,'IMG_20181113_1542062135_925.jpg'),(44,15,'IMG_20181113_1542062135_925.jpg'),(45,15,'IMG_20181113_1542062136_952.jpg'),(46,15,'IMG_20181113_1542062136_952.jpg'),(47,15,'IMG_20181113_1542062137_491.jpg'),(48,15,'IMG_20181113_1542062137_491.jpg'),(49,15,'IMG_20181113_1542062138_883.jpg'),(50,15,'IMG_20181113_1542062138_883.jpg'),(51,15,'IMG_20181113_1542062138_351.jpg'),(52,15,'IMG_20181113_1542062138_351.jpg'),(53,15,'IMG_20181113_1542062139_565.jpg'),(54,15,'IMG_20181113_1542062139_565.jpg'),(55,15,'IMG_20181113_1542062139_882.jpg'),(56,15,'IMG_20181113_1542062139_882.jpg'),(57,17,'IMG_20181113_1542062158_3.jpg'),(58,17,'IMG_20181113_1542062158_3.jpg'),(59,17,'IMG_20181113_1542062159_677.jpg'),(60,17,'IMG_20181113_1542062159_677.jpg'),(61,17,'IMG_20181113_1542062160_358.jpg'),(62,17,'IMG_20181113_1542062160_358.jpg'),(63,17,'IMG_20181113_1542062161_4.jpg'),(64,17,'IMG_20181113_1542062161_4.jpg'),(65,17,'IMG_20181113_1542062161_960.jpg'),(66,17,'IMG_20181113_1542062161_960.jpg'),(67,17,'IMG_20181113_1542062162_762.jpg'),(68,17,'IMG_20181113_1542062162_762.jpg'),(69,17,'IMG_20181113_1542062162_205.jpg'),(70,17,'IMG_20181113_1542062162_205.jpg'),(71,19,'IMG_20181113_1542062235_299.jpg'),(72,19,'IMG_20181113_1542062235_299.jpg'),(73,19,'IMG_20181113_1542062235_374.jpg'),(74,19,'IMG_20181113_1542062235_374.jpg'),(75,19,'IMG_20181113_1542062236_921.jpg'),(76,19,'IMG_20181113_1542062236_921.jpg'),(77,19,'IMG_20181113_1542062237_770.jpg'),(78,19,'IMG_20181113_1542062237_770.jpg'),(79,19,'IMG_20181113_1542062237_389.jpg'),(80,19,'IMG_20181113_1542062237_389.jpg'),(81,19,'IMG_20181113_1542062237_432.jpg'),(82,19,'IMG_20181113_1542062237_432.jpg'),(83,19,'IMG_20181113_1542062238_506.jpg'),(84,19,'IMG_20181113_1542062238_506.jpg'),(85,21,'IMG_20181113_1542062292_470.jpg'),(86,21,'IMG_20181113_1542062292_470.jpg'),(87,21,'IMG_20181113_1542062292_880.jpg'),(88,21,'IMG_20181113_1542062292_880.jpg'),(89,21,'IMG_20181113_1542062293_406.jpg'),(90,21,'IMG_20181113_1542062293_406.jpg'),(91,21,'IMG_20181113_1542062294_526.jpg'),(92,21,'IMG_20181113_1542062294_526.jpg'),(93,21,'IMG_20181113_1542062294_701.jpg'),(94,21,'IMG_20181113_1542062294_701.jpg'),(95,21,'IMG_20181113_1542062294_688.jpg'),(96,21,'IMG_20181113_1542062294_688.jpg'),(97,21,'IMG_20181113_1542062295_943.jpg'),(98,21,'IMG_20181113_1542062295_943.jpg'),(99,23,'IMG_20181113_1542062338_367.jpg'),(100,23,'IMG_20181113_1542062338_367.jpg'),(101,23,'IMG_20181113_1542062339_482.jpg'),(102,23,'IMG_20181113_1542062339_482.jpg'),(103,23,'IMG_20181113_1542062340_554.jpg'),(104,23,'IMG_20181113_1542062340_554.jpg'),(105,23,'IMG_20181113_1542062340_95.jpg'),(106,23,'IMG_20181113_1542062340_95.jpg'),(107,23,'IMG_20181113_1542062341_498.jpg'),(108,23,'IMG_20181113_1542062341_498.jpg'),(109,23,'IMG_20181113_1542062341_371.jpg'),(110,23,'IMG_20181113_1542062341_371.jpg'),(111,23,'IMG_20181113_1542062342_200.jpg'),(112,23,'IMG_20181113_1542062342_200.jpg'),(113,25,'IMG_20181113_1542062378_78.jpg'),(114,25,'IMG_20181113_1542062378_78.jpg'),(115,25,'IMG_20181113_1542062379_101.jpg'),(116,25,'IMG_20181113_1542062379_101.jpg'),(117,25,'IMG_20181113_1542062380_675.jpg'),(118,25,'IMG_20181113_1542062380_675.jpg'),(119,25,'IMG_20181113_1542062380_204.jpg'),(120,25,'IMG_20181113_1542062380_204.jpg'),(121,25,'IMG_20181113_1542062381_842.jpg'),(122,25,'IMG_20181113_1542062381_842.jpg'),(123,25,'IMG_20181113_1542062381_532.jpg'),(124,25,'IMG_20181113_1542062381_532.jpg'),(125,25,'IMG_20181113_1542062381_482.jpg'),(126,25,'IMG_20181113_1542062381_482.jpg'),(127,27,'IMG_20181113_1542062403_701.jpg'),(128,27,'IMG_20181113_1542062403_701.jpg'),(129,27,'IMG_20181113_1542062404_65.jpg'),(130,27,'IMG_20181113_1542062404_65.jpg'),(131,27,'IMG_20181113_1542062405_768.jpg'),(132,27,'IMG_20181113_1542062405_768.jpg'),(133,27,'IMG_20181113_1542062405_129.jpg'),(134,27,'IMG_20181113_1542062405_129.jpg'),(135,27,'IMG_20181113_1542062406_895.jpg'),(136,27,'IMG_20181113_1542062406_895.jpg'),(137,27,'IMG_20181113_1542062406_709.jpg'),(138,27,'IMG_20181113_1542062406_709.jpg'),(139,27,'IMG_20181113_1542062406_810.jpg'),(140,27,'IMG_20181113_1542062406_810.jpg'),(141,29,'IMG_20181113_1542062474_931.jpg'),(142,29,'IMG_20181113_1542062474_931.jpg'),(143,29,'IMG_20181113_1542062475_255.jpg'),(144,29,'IMG_20181113_1542062475_255.jpg'),(145,29,'IMG_20181113_1542062475_503.jpg'),(146,29,'IMG_20181113_1542062475_503.jpg'),(147,29,'IMG_20181113_1542062476_509.jpg'),(148,29,'IMG_20181113_1542062476_509.jpg'),(149,29,'IMG_20181113_1542062476_357.jpg'),(150,29,'IMG_20181113_1542062476_357.jpg'),(151,29,'IMG_20181113_1542062477_756.jpg'),(152,29,'IMG_20181113_1542062477_756.jpg'),(153,29,'IMG_20181113_1542062477_772.jpg'),(154,29,'IMG_20181113_1542062477_772.jpg'),(155,31,'IMG_20181113_1542062484_802.jpg'),(156,31,'IMG_20181113_1542062484_802.jpg'),(157,31,'IMG_20181113_1542062485_256.jpg'),(158,31,'IMG_20181113_1542062485_256.jpg'),(159,31,'IMG_20181113_1542062485_464.jpg'),(160,31,'IMG_20181113_1542062485_464.jpg'),(161,31,'IMG_20181113_1542062486_203.jpg'),(162,31,'IMG_20181113_1542062486_203.jpg'),(163,31,'IMG_20181113_1542062486_900.jpg'),(164,31,'IMG_20181113_1542062486_900.jpg'),(165,31,'IMG_20181113_1542062487_43.jpg'),(166,31,'IMG_20181113_1542062487_43.jpg'),(167,31,'IMG_20181113_1542062487_966.jpg'),(168,31,'IMG_20181113_1542062487_966.jpg'),(169,33,'IMG_20181113_1542062783_104.jpg'),(170,33,'IMG_20181113_1542062783_104.jpg'),(171,33,'IMG_20181113_1542062783_943.jpg'),(172,33,'IMG_20181113_1542062783_943.jpg'),(173,33,'IMG_20181113_1542062784_645.jpg'),(174,33,'IMG_20181113_1542062784_645.jpg'),(175,33,'IMG_20181113_1542062785_556.jpg'),(176,33,'IMG_20181113_1542062785_556.jpg'),(177,33,'IMG_20181113_1542062785_439.jpg'),(178,33,'IMG_20181113_1542062785_439.jpg'),(179,33,'IMG_20181113_1542062785_887.jpg'),(180,33,'IMG_20181113_1542062785_887.jpg'),(181,33,'IMG_20181113_1542062786_698.jpg'),(182,33,'IMG_20181113_1542062786_698.jpg'),(183,35,'IMG_20181113_1542062827_593.jpg'),(184,35,'IMG_20181113_1542062827_593.jpg'),(185,35,'IMG_20181113_1542062828_894.jpg'),(186,35,'IMG_20181113_1542062828_894.jpg'),(187,35,'IMG_20181113_1542062828_811.jpg'),(188,35,'IMG_20181113_1542062828_811.jpg'),(189,35,'IMG_20181113_1542062829_997.jpg'),(190,35,'IMG_20181113_1542062829_997.jpg'),(191,35,'IMG_20181113_1542062829_789.jpg'),(192,35,'IMG_20181113_1542062829_789.jpg'),(193,35,'IMG_20181113_1542062830_802.jpg'),(194,35,'IMG_20181113_1542062830_802.jpg'),(195,35,'IMG_20181113_1542062830_877.jpg'),(196,35,'IMG_20181113_1542062830_877.jpg'),(197,37,'IMG_20181113_1542063039_161.jpg'),(198,37,'IMG_20181113_1542063039_161.jpg'),(199,37,'IMG_20181113_1542063040_362.jpg'),(200,37,'IMG_20181113_1542063040_362.jpg'),(201,37,'IMG_20181113_1542063040_296.jpg'),(202,37,'IMG_20181113_1542063040_296.jpg'),(203,37,'IMG_20181113_1542063041_1.jpg'),(204,37,'IMG_20181113_1542063041_1.jpg'),(205,37,'IMG_20181113_1542063041_272.jpg'),(206,37,'IMG_20181113_1542063041_272.jpg'),(207,37,'IMG_20181113_1542063042_292.jpg'),(208,37,'IMG_20181113_1542063042_292.jpg'),(209,37,'IMG_20181113_1542063042_604.jpg'),(210,37,'IMG_20181113_1542063042_604.jpg'),(211,39,'IMG_20181113_1542063053_975.jpg'),(212,39,'IMG_20181113_1542063053_975.jpg'),(213,39,'IMG_20181113_1542063054_699.jpg'),(214,39,'IMG_20181113_1542063054_699.jpg'),(215,39,'IMG_20181113_1542063054_376.jpg'),(216,39,'IMG_20181113_1542063054_376.jpg'),(217,39,'IMG_20181113_1542063055_156.jpg'),(218,39,'IMG_20181113_1542063055_156.jpg'),(219,39,'IMG_20181113_1542063055_740.jpg'),(220,39,'IMG_20181113_1542063055_740.jpg'),(221,39,'IMG_20181113_1542063056_647.jpg'),(222,39,'IMG_20181113_1542063056_647.jpg'),(223,39,'IMG_20181113_1542063056_511.jpg'),(224,39,'IMG_20181113_1542063056_511.jpg'),(225,41,'IMG_20181113_1542063144_860.jpg'),(226,41,'IMG_20181113_1542063144_860.jpg'),(227,41,'IMG_20181113_1542063144_315.jpg'),(228,41,'IMG_20181113_1542063144_315.jpg'),(229,41,'IMG_20181113_1542063145_534.jpg'),(230,41,'IMG_20181113_1542063145_534.jpg'),(231,41,'IMG_20181113_1542063146_29.jpg'),(232,41,'IMG_20181113_1542063146_29.jpg'),(233,41,'IMG_20181113_1542063146_862.jpg'),(234,41,'IMG_20181113_1542063146_862.jpg'),(235,41,'IMG_20181113_1542063147_883.jpg'),(236,41,'IMG_20181113_1542063147_883.jpg'),(237,41,'IMG_20181113_1542063147_408.jpg'),(238,41,'IMG_20181113_1542063147_408.jpg');
/*!40000 ALTER TABLE `images` ENABLE KEYS */;
UNLOCK TABLES;

--
-- Table structure for table `orders`
--

DROP TABLE IF EXISTS `orders`;
/*!40101 SET @saved_cs_client     = @@character_set_client */;
/*!40101 SET character_set_client = utf8 */;
CREATE TABLE `orders` (
  `id` int(11) NOT NULL AUTO_INCREMENT,
  `users_id` int(11) DEFAULT NULL,
  `status_id` int(11) DEFAULT '1',
  `categories_id` int(11) DEFAULT NULL,
  `images_id` int(11) DEFAULT NULL,
  `item` varchar(512) DEFAULT NULL,
  `description` text,
  `check` int(11) DEFAULT NULL,
  `date` datetime DEFAULT CURRENT_TIMESTAMP,
  `discount` int(11) DEFAULT NULL,
  `sum1` text,
  `sum2` text,
  PRIMARY KEY (`id`),
  KEY `fk_orders_1_idx` (`users_id`),
  KEY `fk_orders_2_idx` (`status_id`),
  CONSTRAINT `fk_orders_1` FOREIGN KEY (`users_id`) REFERENCES `users` (`id`) ON DELETE NO ACTION ON UPDATE NO ACTION,
  CONSTRAINT `fk_orders_2` FOREIGN KEY (`status_id`) REFERENCES `status` (`id`) ON DELETE NO ACTION ON UPDATE NO ACTION
) ENGINE=InnoDB AUTO_INCREMENT=44 DEFAULT CHARSET=utf8;
/*!40101 SET character_set_client = @saved_cs_client */;

--
-- Dumping data for table `orders`
--

LOCK TABLES `orders` WRITE;
/*!40000 ALTER TABLE `orders` DISABLE KEYS */;
INSERT INTO `orders` VALUES (1,1,1,1,NULL,'dfdf','dfdf',NULL,'2018-11-13 01:16:59',1212,'13','23'),(2,NULL,NULL,NULL,NULL,NULL,NULL,NULL,'2018-11-13 01:24:22',NULL,NULL,NULL),(3,NULL,NULL,NULL,NULL,NULL,NULL,NULL,'2018-11-13 01:24:22',NULL,NULL,NULL),(4,NULL,NULL,NULL,NULL,NULL,NULL,NULL,'2018-11-13 01:25:31',NULL,NULL,NULL),(5,NULL,NULL,NULL,NULL,NULL,NULL,NULL,'2018-11-13 01:25:31',NULL,NULL,NULL),(6,NULL,NULL,NULL,NULL,NULL,NULL,NULL,'2018-11-13 01:31:56',NULL,NULL,NULL),(7,NULL,NULL,NULL,NULL,NULL,NULL,NULL,'2018-11-13 01:31:56',NULL,NULL,NULL),(8,1,1,3,NULL,'приора2','23er23e',NULL,'2018-11-13 01:33:09',2113,'13113','1313'),(9,1,1,3,9,'приора2','23er23e',NULL,'2018-11-13 01:33:09',2113,'13113','1313'),(10,1,1,3,NULL,'приора2','23er23e',NULL,'2018-11-13 01:34:56',2113,'13113','1313'),(11,1,1,3,11,'приора2','23er23e',NULL,'2018-11-13 01:34:57',2113,'13113','1313'),(12,1,1,3,NULL,'приора2','23er23e',NULL,'2018-11-13 01:35:31',2113,'13113','1313'),(13,1,1,3,13,'приора2','23er23e',NULL,'2018-11-13 01:35:31',2113,'13113','1313'),(14,1,1,3,NULL,'приора2','23er23e',NULL,'2018-11-13 01:35:39',2113,'13113','1313'),(15,1,1,3,15,'приора2','23er23e',NULL,'2018-11-13 01:35:39',2113,'13113','1313'),(16,1,1,3,NULL,'приора2','23er23e',NULL,'2018-11-13 01:36:02',2113,'13113','1313'),(17,1,1,3,17,'приора2','23er23e',NULL,'2018-11-13 01:36:02',2113,'13113','1313'),(18,1,1,3,NULL,'приора2','23er23e',NULL,'2018-11-13 01:37:18',2113,'13113','1313'),(19,1,1,3,19,'приора2','23er23e',NULL,'2018-11-13 01:37:18',2113,'13113','1313'),(20,1,1,3,NULL,'приора2','23er23e',NULL,'2018-11-13 01:38:15',2113,'13113','1313'),(21,1,1,3,21,'приора2','23er23e',NULL,'2018-11-13 01:38:15',2113,'13113','1313'),(22,1,1,3,NULL,'приора2','23er23e',NULL,'2018-11-13 01:39:02',2113,'13113','1313'),(23,1,1,3,23,'приора2','23er23e',NULL,'2018-11-13 01:39:02',2113,'13113','1313'),(24,1,1,3,NULL,'приора2','23er23e',NULL,'2018-11-13 01:39:41',2113,'13113','1313'),(25,1,1,3,25,'приора2','23er23e',NULL,'2018-11-13 01:39:41',2113,'13113','1313'),(26,1,1,3,NULL,'приора2','23er23e',NULL,'2018-11-13 01:40:09',2113,'13113','1313'),(27,1,1,3,27,'приора2','23er23e',NULL,'2018-11-13 01:40:09',2113,'13113','1313'),(28,1,1,3,NULL,'приора2','23er23e',NULL,'2018-11-13 01:41:17',2113,'13113','1313'),(29,1,1,3,29,'приора2','23er23e',NULL,'2018-11-13 01:41:17',2113,'13113','1313'),(30,1,1,3,NULL,'приора2','23er23e',NULL,'2018-11-13 01:41:31',2113,'13113','1313'),(31,1,1,3,31,'приора2','23er23e',NULL,'2018-11-13 01:41:31',2113,'13113','1313'),(32,1,1,3,NULL,'приора2','23er23e',NULL,'2018-11-13 01:46:26',2113,'13113','1313'),(33,1,1,3,33,'приора2','23er23e',NULL,'2018-11-13 01:46:26',2113,'13113','1313'),(34,1,1,3,NULL,'приора2','23er23e',NULL,'2018-11-13 01:47:10',2113,'13113','1313'),(35,1,1,3,35,'приора2','23er23e',NULL,'2018-11-13 01:47:10',2113,'13113','1313'),(36,1,1,3,NULL,'приора2','23er23e',NULL,'2018-11-13 01:50:42',2113,'13113','1313'),(37,1,1,3,37,'приора2','23er23e',NULL,'2018-11-13 01:50:42',2113,'13113','1313'),(38,1,1,3,NULL,'приора2','23er23e',NULL,'2018-11-13 01:50:56',2113,'13113','1313'),(39,1,1,3,39,'приора2','23er23e',NULL,'2018-11-13 01:50:56',2113,'13113','1313'),(40,1,1,3,NULL,'приора2','23er23e',NULL,'2018-11-13 01:52:27',2113,'13113','1313'),(41,1,1,3,41,'приора2','23er23e',NULL,'2018-11-13 01:52:27',2113,'13113','1313'),(42,NULL,NULL,NULL,NULL,NULL,NULL,NULL,'2018-11-13 01:53:25',NULL,NULL,NULL),(43,NULL,NULL,NULL,NULL,NULL,NULL,NULL,'2018-11-13 01:53:25',NULL,NULL,NULL);
/*!40000 ALTER TABLE `orders` ENABLE KEYS */;
UNLOCK TABLES;

--
-- Table structure for table `status`
--

DROP TABLE IF EXISTS `status`;
/*!40101 SET @saved_cs_client     = @@character_set_client */;
/*!40101 SET character_set_client = utf8 */;
CREATE TABLE `status` (
  `id` int(11) NOT NULL AUTO_INCREMENT,
  `status` varchar(45) NOT NULL,
  PRIMARY KEY (`id`)
) ENGINE=InnoDB AUTO_INCREMENT=6 DEFAULT CHARSET=utf8;
/*!40101 SET character_set_client = @saved_cs_client */;

--
-- Dumping data for table `status`
--

LOCK TABLES `status` WRITE;
/*!40000 ALTER TABLE `status` DISABLE KEYS */;
INSERT INTO `status` VALUES (1,'Открыт'),(2,'Закрыт'),(3,'На рассмотрении'),(4,'Необходима проверка'),(5,'Одобрено');
/*!40000 ALTER TABLE `status` ENABLE KEYS */;
UNLOCK TABLES;

--
-- Table structure for table `trigers`
--

DROP TABLE IF EXISTS `trigers`;
/*!40101 SET @saved_cs_client     = @@character_set_client */;
/*!40101 SET character_set_client = utf8 */;
CREATE TABLE `trigers` (
  `id` int(11) NOT NULL,
  `orders_id` int(11) DEFAULT NULL,
  `users_id` int(11) DEFAULT NULL,
  PRIMARY KEY (`id`)
) ENGINE=InnoDB DEFAULT CHARSET=utf8;
/*!40101 SET character_set_client = @saved_cs_client */;

--
-- Dumping data for table `trigers`
--

LOCK TABLES `trigers` WRITE;
/*!40000 ALTER TABLE `trigers` DISABLE KEYS */;
/*!40000 ALTER TABLE `trigers` ENABLE KEYS */;
UNLOCK TABLES;

--
-- Table structure for table `users`
--

DROP TABLE IF EXISTS `users`;
/*!40101 SET @saved_cs_client     = @@character_set_client */;
/*!40101 SET character_set_client = utf8 */;
CREATE TABLE `users` (
  `id` int(11) NOT NULL AUTO_INCREMENT,
  `users` varchar(512) NOT NULL,
  `position` varchar(512) DEFAULT NULL,
  PRIMARY KEY (`id`)
) ENGINE=InnoDB AUTO_INCREMENT=3 DEFAULT CHARSET=utf8;
/*!40101 SET character_set_client = @saved_cs_client */;

--
-- Dumping data for table `users`
--

LOCK TABLES `users` WRITE;
/*!40000 ALTER TABLE `users` DISABLE KEYS */;
INSERT INTO `users` VALUES (1,'Михаил Давыдов','Менеджер'),(2,'Василий Фет','Консультант');
/*!40000 ALTER TABLE `users` ENABLE KEYS */;
UNLOCK TABLES;

--
-- Dumping events for database 'terminal'
--

--
-- Dumping routines for database 'terminal'
--
/*!40103 SET TIME_ZONE=@OLD_TIME_ZONE */;

/*!40101 SET SQL_MODE=@OLD_SQL_MODE */;
/*!40014 SET FOREIGN_KEY_CHECKS=@OLD_FOREIGN_KEY_CHECKS */;
/*!40014 SET UNIQUE_CHECKS=@OLD_UNIQUE_CHECKS */;
/*!40101 SET CHARACTER_SET_CLIENT=@OLD_CHARACTER_SET_CLIENT */;
/*!40101 SET CHARACTER_SET_RESULTS=@OLD_CHARACTER_SET_RESULTS */;
/*!40101 SET COLLATION_CONNECTION=@OLD_COLLATION_CONNECTION */;
/*!40111 SET SQL_NOTES=@OLD_SQL_NOTES */;

-- Dump completed on 2018-11-13  2:06:42
